ticker,direction,entry_date,exit_date,entry_price,exit_price,shares,pnl,R_multiple,bars_held
GOOGL,long,2010-10-19,2010-11-15,15.110120632128451,14.89668722704929,1071.4519760840951,-239.87927147535825,-0.23987927147535823,27
AAPL,long,2010-10-19,2010-11-16,9.086947064909856,8.981224231413524,1874.040845110151,-209.9305478578617,-0.20993054785786172,28
PG,long,2010-10-19,2010-11-23,39.92565230182424,39.918779285739156,501.18154235104936,-17.449562024846504,-0.026993678278495907,35
CSCO,short,2010-11-17,2010-12-27,12.57338103399702,12.772014346433616,809.9387545268071,-168.10591417544725,-0.16531369184837139,40
CRM,long,2010-11-22,2010-12-30,33.26638759126703,32.44124594998806,286.92031261522504,-243.28920935808875,-0.23705426623411716,38
NFLX,long,2010-11-23,2010-12-31,2.661759215354919,2.507999897003174,3484.688211121747,-541.9745827110509,-0.5312979880081293,38
KO,long,2010-10-19,2011-01-05,18.536876530077325,19.819294005594667,1079.4698862849107,1369.493447838607,2.3902544230188476,78
AMZN,long,2010-11-26,2011-01-21,8.872434030532837,8.975500106811523,1421.0207524398868,137.5456188271785,0.13370330424528618,56
NVDA,long,2011-01-03,2011-02-23,0.35547605982387687,0.5121150400897491,38489.38338329045,6015.742963517189,5.774686563323357,51
HD,long,2011-01-21,2011-03-02,25.565295765855712,25.247168093875768,870.7488045611673,-292.425750008779,-0.27965246025655655,40
XOM,long,2010-10-19,2011-03-10,36.201794061072526,45.54361122222304,552.7350375576159,5146.444529629255,6.372875472769711,142
DIS,long,2010-11-15,2011-03-14,31.617680521524903,35.51622556763436,537.3361391896974,2081.6797203803562,2.0187324693300432,119
AAPL,long,2011-01-05,2011-03-16,9.870151724499614,10.109793565885774,2152.7022775992245,500.69476256909576,0.6109781514763895,70
PG,short,2011-03-16,2011-04-04,38.88306049011768,40.07318755883127,593.9170451748358,-723.4261727597375,-0.8300073910740507,19
MSFT,short,2011-03-08,2011-04-05,19.678643399555764,19.879489654375146,1073.4187807745939,-230.50789504022154,-0.1977930926347581,28
CSCO,short,2011-02-24,2011-04-06,11.78513584389665,11.669212157385683,1402.1581047076618,151.07362595386456,0.13011900842145624,41
JNJ,short,2011-03-16,2011-04-15,37.79562061579036,38.892744797685445,611.0049793440118,-686.9158657750305,-0.8299629439016791,30
CSCO,short,2011-04-19,2011-05-10,10.707444545207684,11.407764074437388,1609.588005865727,-1139.966452089784,-1.0113025591445242,21
KO,long,2011-03-30,2011-05-26,20.606344075665323,20.80915190875948,1103.4066732592464,207.7292244202876,0.2292839491674966,57
AMZN,long,2011-05-11,2011-05-26,10.161078137397766,9.557000160217285,1547.2049566200808,-945.0765503355346,-0.8323600798680946,15
PEP,long,2011-04-13,2011-06-08,42.042683813586244,43.68234097334165,537.0624760797127,864.264291630612,1.1087300540005447,56
TSLA,long,2011-05-26,2011-06-20,1.9222936218380926,1.715999960899353,4586.864382561224,-951.8454111834251,-0.8443641524177435,25
JNJ,long,2011-04-20,2011-06-23,40.83066337641126,42.447124265338225,552.4310665465518,876.6581341311868,1.1455603024130432,64
HD,short,2011-06-09,2011-06-23,23.835483319931456,25.039601599564264,943.2371808581156,-1152.1883528432327,-1.0144564778943823,14
V,short,2011-06-27,2011-06-29,16.54446036166348,17.531913012609746,1139.2225055164574,-1138.7967151696703,-1.012328281089797,2
GOOGL,short,2011-04-18,2011-07-05,13.051358958786349,13.06780865535765,1315.7925215042087,-33.67839072157653,-0.029866094739855808,78
CSCO,short,2011-05-26,2011-07-07,10.392329861593788,10.282006190523521,1833.3561417628648,189.0469482411783,0.16769999029607463,42
ADBE,short,2011-06-23,2011-07-07,29.6551650762558,32.09653556910494,458.81418929919226,-1130.3318520757175,-1.0091028534645519,14
JPM,short,2011-06-27,2011-07-21,26.141445253468145,27.911502872417344,596.527455550608,-1067.4373632653258,-0.9488937022130534,24
NFLX,long,2011-05-26,2011-07-26,3.7061382415294646,3.5948569774627686,3369.315831908766,-383.4577649565496,-0.34015816737823806,61
CRM,long,2011-07-07,2011-07-27,38.72227159538402,35.66507534396856,359.93317928837223,-1109.4823358877888,-1.0082661596730076,20
V,long,2011-06-30,2011-07-29,19.330537804815993,18.789227281664598,808.605451200049,-448.38556059880324,-0.4117769867052809,29
AMZN,long,2011-07-05,2011-08-03,10.443218725204467,10.41450023651123,1447.069900846253,-52.111173229062764,-0.047537678980472134,29
GOOGL,long,2011-07-22,2011-08-05,15.02425237250337,14.048362761417666,1136.2315816681846,-1120.1210154052699,-1.0101768097347112,14
TSLA,short,2011-08-08,2011-08-12,1.5392299618721008,1.7985927759020068,4357.944379584482,-1135.6624058983089,-1.0047542615788636,4
HD,short,2011-08-05,2011-08-24,22.565176596614474,24.1599031067569,678.2947095517732,-1093.0576596784858,-1.0105049106647255,19
NVDA,short,2011-06-17,2011-09-14,0.374798865857755,0.34133367141344134,23161.573337547918,769.4949673176227,0.6795704483989584,89
ADBE,short,2011-07-29,2011-09-14,27.986,25.8700008392334,490.5474400532405,1029.0108477916124,0.944110444295012,47
CRM,short,2011-08-19,2011-09-15,28.91504119523813,32.868848347524214,234.6670029041202,-933.1345555718377,-0.8325234099279836,27
AMZN,long,2011-09-19,2011-10-03,11.861427971363067,10.66393918833285,928.6967481765082,-1119.147645124754,-1.0063336762879267,14
AAPL,long,2011-07-08,2011-10-04,10.582671247894279,10.970731975724991,1834.1632443248923,697.7524208781637,0.6313697672138113,88
V,long,2011-09-19,2011-10-04,20.115299530678026,18.660328955429858,648.4316934120043,-952.0133429691414,-0.8560470921586933,15
PEP,short,2011-07-27,2011-10-12,40.72480794568429,40.75259169758604,539.5531630188926,-30.38104496415501,-0.031187508536654883,77
DIS,short,2011-08-03,2011-10-12,31.521950029657955,28.42151965708549,534.7383152991606,1647.1144693625652,1.5303775933052444,70
JPM,short,2011-08-05,2011-10-19,25.56773846258071,22.82087225194515,548.7268931113523,1498.362935188218,1.3851996649573524,75
AMZN,long,2011-10-17,2011-10-26,12.220607677459716,10.184499740600586,785.3249159658565,-1604.7648940228098,-1.5079366528442848,9
PG,long,2011-10-11,2011-11-04,42.02606236260901,41.13458153360821,456.6905689066351,-420.3216428640538,-0.39110718797396465,24
CRM,long,2011-10-31,2011-11-18,33.17787091529486,29.354648845727183,230.31739736985466,-885.3752325114775,-0.8395934611400586,18
V,long,2011-10-31,2011-11-21,21.196722225735186,20.134454964172196,564.237936058257,-607.3838606741286,-0.5759767148415144,21
GOOGL,long,2011-11-08,2011-11-21,15.113842367749323,14.20983509478771,987.6020987441308,-902.7123240785467,-0.849026828422075,13
XOM,long,2011-10-24,2011-11-23,45.17222685159352,42.62438923800452,325.4460246770073,-838.9768978496364,-0.7906465906205,30
ADBE,long,2011-11-09,2011-11-23,27.50374477100372,26.049999237060547,376.02408510912534,-553.5547977070436,-0.5309602805600399,14
CSCO,long,2011-10-13,2011-11-25,11.13886899886776,11.185171794891357,1046.7050437700145,40.27491366236336,0.03787118990001949,43
TSLA,long,2011-10-31,2011-12-08,1.967650389611721,2.0199999809265137,4042.9406202554133,205.95073582620122,0.19530125168079013,38
NFLX,short,2011-09-16,2012-01-04,2.395944315671921,1.108428955078125,2067.9597584332164,2660.6591705452665,2.4443483560059036,110
AMZN,short,2011-11-22,2012-01-18,9.342826097488404,9.232500076293945,801.1980503677936,83.20621104372427,0.08085351449610197,57
CRM,short,2011-12-22,2012-01-19,24.434835992421384,27.364085806659357,248.87358743726705,-733.7071472195267,-0.7000583545326037,28
GOOGL,long,2011-12-05,2012-01-20,15.576439368470167,14.648137955238797,995.7753362636922,-934.6824680283304,-0.9018335504744112,46
TSLA,short,2012-01-17,2012-01-26,1.7737796911001207,1.9666670560836792,3522.8749222083684,-684.2999345418871,-0.6522961815316374,9
XOM,long,2011-12-21,2012-01-31,46.63542936885706,47.635073797451355,360.35686292773494,348.24881517317465,0.3329946846389621,41
CSCO,long,2012-01-20,2012-03-02,12.85527548496517,12.83584101931154,1269.4732977542762,-36.080332556690536,-0.03470759535999304,42
ADBE,long,2012-03-05,2012-04-09,33.57678137397766,32.880001068115234,586.4908598406212,-422.1948203019351,-0.38304316831724994,35
AAPL,long,2012-02-01,2012-04-17,13.729562050434938,17.31016723084725,1498.097144136467,5346.478186030288,5.319345234655922,76
V,long,2011-12-01,2012-04-23,21.615161655595614,26.310155652321892,591.9301627389825,2768.484829094909,2.6911636978728706,144
JPM,long,2012-01-23,2012-04-23,25.33228886616769,28.63431923191526,439.0914246489214,1441.2370480340767,1.3844400425616419,91
CRM,long,2012-04-16,2012-04-23,39.52873509625272,37.27266579787833,380.45261535995155,-868.3396359752937,-0.74687101634406,7
HD,long,2011-10-19,2012-05-14,25.394631174648218,35.82078512343286,501.91059648445645,5220.935265048528,4.95384959724566,208
AMZN,long,2012-04-30,2012-05-30,11.203098978996277,10.559000015258789,1236.2021386664799,-805.4532810175238,-0.6880149656811562,30
KO,long,2011-12-22,2012-06-01,22.208317216356622,23.691557013373338,944.3216426899951,1385.134792140435,1.365606600524679,162
XOM,short,2012-06-01,2012-06-11,44.78000693567008,47.05593862725199,524.7427752054242,-1211.4438688250775,-1.0143728232226432,10
CSCO,short,2012-05-11,2012-06-14,10.93948489638069,11.049439686207355,1325.2984654804668,-155.95900576046765,-0.13292354474762935,34
JPM,short,2012-05-15,2012-06-18,24.707964584072798,23.95528861684308,496.0037779190218,364.97545072389755,0.3126288281859971,34
TSLA,short,2012-05-17,2012-06-18,1.9523563537001611,2.128667116165161,3825.66759496653,-680.1394209338798,-0.5809259454771284,32
NVDA,short,2012-04-17,2012-06-19,0.32102728828512006,0.2955477965840576,39662.10889295718,1002.2638831234658,0.8592418095928168,63
NFLX,short,2012-04-25,2012-07-03,1.2649382126927375,1.0068570375442505,5291.01941624473,1361.6468473325133,1.1740169058746868,69
GOOGL,short,2012-05-31,2012-07-03,14.595941442477566,14.582654043917376,1194.5158690601716,3.676973069897928,0.003104709415000372,33
HD,long,2012-06-20,2012-07-17,38.4313124861752,36.79171217946173,515.0017700606679,-857.7449576826551,-0.7411646419058138,27
TSLA,long,2012-07-17,2012-07-24,2.3344996819496155,2.027192582929676,3774.3796032839996,-1165.3656118857418,-1.0047176440849444,7
CSCO,short,2012-07-25,2012-08-03,9.967692683562056,10.757184742478175,1438.6569005427896,-1146.5277463056868,-1.00943781514924,9
CRM,short,2012-08-03,2012-08-10,30.484591355709615,34.54433099319509,285.0070378749413,-1163.8304274025804,-1.0058563011065929,7
KO,long,2012-07-03,2012-08-23,25.6258284820163,25.122774673411428,906.5207461448235,-472.01633830839455,-0.5524959286490577,51
JNJ,long,2012-06-18,2012-08-30,44.48355345088738,45.60291762928702,521.9111705545973,567.6066190078809,0.6961506204634698,73
PEP,long,2012-06-15,2012-09-12,45.648424252581805,47.05018196150318,512.4285139733148,701.4955514178959,0.882106414613228,89
NFLX,short,2012-08-03,2012-10-03,0.7833221394121648,0.8774290084838867,6690.242824701333,-633.6439949713752,-0.5476354544387974,61
DIS,long,2012-05-10,2012-10-10,39.205284708936354,44.50709115212669,567.8980262678114,2993.4936608290814,2.531496281919436,153
AMZN,long,2012-08-27,2012-10-10,12.295644986629485,12.411499977111816,1471.5477184666634,157.71831540009592,0.14023997890181347,44
GOOGL,long,2012-08-30,2012-10-18,16.98110781314158,17.889918669896755,1307.7560575980017,1172.2447987653768,1.046586357691603,49
CRM,long,2012-09-13,2012-10-23,37.746163900337876,35.84978631969181,363.60874663438045,-698.7331363013492,-0.6057472605514281,40
PG,long,2012-10-18,2012-10-23,47.3508175150946,45.94981613057217,486.7332888457476,-697.6379165561688,-1.0230584864417294,5
JPM,long,2012-09-13,2012-11-07,27.454156031444043,28.3577762533131,686.0607301183989,606.3817333235347,0.5256857800583009,55
CSCO,short,2012-11-09,2012-11-14,11.032464042482667,11.93027343894959,1414.1879884668658,-1281.3544518673073,-1.1258345467058535,5
JNJ,long,2012-10-18,2012-11-15,48.33175776175663,47.02613338234176,476.8545611824064,-638.3524381476783,-0.9202273797615145,28
KO,short,2012-10-24,2012-11-23,23.91525069431168,24.61365896334566,959.0157594272516,-686.2409788543539,-0.7321443306352078,30
AAPL,short,2012-11-08,2012-12-03,16.923273043988267,17.947105284286863,819.2802494675922,-849.014248917645,-0.7520249691527109,25
NVDA,short,2012-10-11,2012-12-11,0.29265426268633815,0.2868559024747685,43605.76801523739,244.0606657034822,0.2103195248393919,61
HD,long,2012-11-14,2012-12-19,46.00558698648974,45.13065677201793,464.8088122749645,-421.39993021947674,-0.3671689566889265,35
MSFT,short,2012-10-22,2013-01-02,22.835050324653867,22.23245153703792,963.9356168866932,565.8068911112622,0.49046485706558046,72
TSLA,long,2012-11-20,2013-01-11,2.1877602989673615,2.183332920074463,4735.504305335884,-28.2053961059512,-0.024838940922243487,52
AMZN,long,2013-01-15,2013-02-07,13.54076739692688,12.917499542236328,1339.4801673601796,-847.0503299182479,-0.7315365642141841,23
V,long,2012-11-26,2013-02-13,33.52422460819871,35.12824093624846,665.7937699898633,1051.67915780912,0.9845621368044384,79
TSLA,long,2013-02-07,2013-02-21,2.6139734172821045,2.3983216932834748,5650.851767035437,-1228.2245794793446,-1.0078848910927745,14
CRM,long,2012-12-19,2013-02-25,42.112836584264834,41.22921496296035,403.78017594215993,-368.4778503761841,-0.32540773473379436,68
JPM,long,2013-01-03,2013-03-27,31.271882302370493,33.366076234782966,667.9432056301931,1383.3418379440366,1.2171452950365704,83
NFLX,long,2012-12-13,2013-04-02,1.2985059746503829,2.516571044921875,6157.227728033352,7489.807444914896,6.74156107333723,110
ADBE,long,2012-12-05,2013-05-09,35.317649236679074,44.310001373291016,637.4724528827204,5713.177527704689,5.171870935274448,155
KO,long,2013-03-27,2013-05-29,26.831738892144855,27.50784996716792,939.4742816645846,617.1624431177884,0.676178024875214,63
JNJ,long,2013-02-13,2013-06-03,52.1441744479404,58.60711790873243,470.0664674535616,3019.0323346487057,4.867147173312699,110
GOOGL,long,2013-05-09,2013-06-06,21.61205185248034,21.15649116224733,1249.3832061798605,-587.7295880922693,-0.42911529301753115,28
NFLX,long,2013-04-24,2013-06-12,3.110125338077545,2.998713970184326,3131.7236601826335,-355.5183082495725,-0.27113226670739576,49
HD,long,2013-03-01,2013-06-20,49.968912096420716,55.27946035243469,469.8986469788963,2477.485961623392,2.0207417431902974,111
MSFT,long,2013-06-04,2013-06-20,29.011107219133827,27.596434221103543,984.2054238002269,-1411.4804626154587,-0.9811326299290517,16
META,short,2013-05-30,2013-07-09,23.90798455628909,24.970717752924017,630.9060917931322,-681.4457237857298,-0.460609543350958,40
CRM,short,2013-06-05,2013-07-10,38.003185050174245,38.69063171547337,338.5250021824716,-241.8630344124781,-0.16901030413394763,35
V,long,2013-07-08,2013-07-31,43.68665495317219,41.91686583671721,679.7763358387907,-1223.1269322950473,-0.8356366181113467,23
AMZN,long,2013-06-10,2013-08-13,13.840916633605957,14.6274995803833,1542.4591696057794,1197.5997815208232,0.828399379513264,64
ADBE,long,2013-07-12,2013-08-14,48.37417347335815,46.83000183105469,520.8865986352574,-821.4939325574185,-0.5403455400973781,33
CSCO,long,2013-07-10,2013-08-15,16.954573781332048,16.486462671119057,1553.8413964420126,-745.37530195099,-0.5059683014875862,36
AAPL,long,2013-08-14,2013-09-11,15.332537917575664,14.37468606605837,1696.6019412173548,-1642.3275042127916,-1.085148540690191,28
XOM,short,2013-08-20,2013-09-16,51.77935904292017,52.91116657645298,590.2016996615839,-689.7877128189998,-0.6694172355301771,27
KO,short,2013-08-21,2013-09-16,25.775805107565116,26.24522205426148,1184.0895075515364,-577.529782522385,-0.4814283936522448,26
NFLX,long,2013-09-11,2013-10-09,4.484240874052047,4.252857208251953,4290.392319062579,-1005.5984733057658,-0.6406694342229736,28
ADBE,long,2013-09-19,2013-10-09,52.076024236679075,49.416400449872874,602.1954686164136,-1622.6043866767575,-1.013106155414353,20
CRM,long,2013-09-19,2013-10-09,51.79033165815499,48.343626901367195,439.9829634399711,-1531.5322826906886,-0.9562434291130941,20
XOM,short,2013-10-10,2013-10-22,50.82254903668492,52.364163854024895,615.7917636716603,-971.7905704704244,-0.9700409115131139,12
TSLA,long,2013-04-02,2013-10-23,2.908120327591896,10.766667366027832,3971.2570499348603,31181.501117089145,24.63480512918621,204
META,long,2013-07-31,2013-11-11,37.64836914121997,46.095208266063935,447.45609835321807,3765.529729757354,2.4987990618213747,103
JNJ,long,2013-11-11,2013-12-12,66.15387441422523,64.95982042010705,461.7249476257945,-572.3751491252548,-0.5723475213145965,31
CSCO,short,2013-12-13,2013-12-23,14.005755664204512,14.65279361876818,1901.9427839937111,-1250.0142482975498,-0.7878711840009369,10
AAPL,long,2013-10-22,2014-01-06,16.21113869585443,16.639431468734855,1780.9324329793117,742.0931738640904,0.47309350994589094,76
JPM,long,2013-12-24,2014-01-23,41.44384070316401,40.99040685612005,785.3499712475017,-378.674139556601,-0.25056339256018184,30
AMZN,long,2013-10-21,2014-01-24,16.50274645614624,19.42099952697754,1468.3450366038928,4265.4692025674885,2.7004220161720625,95
DIS,long,2013-10-23,2014-01-24,60.6810480595681,65.18286432408385,507.9206782424284,2263.6188196925855,1.6186643481390233,93
GOOGL,long,2013-10-21,2014-01-27,25.101886835920745,27.40787137703418,1189.0066817678837,2719.2935109998357,1.721555054510231,98
NVDA,long,2014-01-09,2014-02-05,0.3794841215567928,0.3609301931714547,79483.8003983251,-1494.965886461308,-0.918802914599154,27
CRM,long,2014-01-23,2014-03-07,59.08779481887817,58.80268114984721,421.10069613723056,-137.4068656404846,-0.08470712949858977,43
PG,short,2014-01-24,2014-03-13,56.13590862740065,56.46135370631463,562.6399367304554,-205.32727650346428,-0.18393653743277566,48
NFLX,long,2014-01-24,2014-03-14,5.48388356924057,6.0714287757873535,2870.074882784861,1674.2695510221452,1.0596607809317669,49
KO,short,2014-01-27,2014-03-19,26.273740683224187,26.30042485414274,1189.4829220374845,-53.63592590422209,-0.04562801176280384,51
ADBE,long,2014-02-10,2014-03-19,62.76136454200744,66.62999725341797,415.1693303658341,1586.9343540535071,0.9756414653100486,37
META,long,2014-01-31,2014-03-21,59.97356859569297,65.93101438578122,244.36859416746094,1444.6802053097397,0.893484155169718,49
TSLA,long,2014-01-24,2014-03-27,11.862594898223877,14.017999649047852,1016.1025529651852,2180.360673550924,1.3799705624684835,62
JPM,long,2014-03-21,2014-04-10,43.79094562121262,41.63150533361561,758.4428390187371,-1660.0783855872555,-1.013595188499035,20
NFLX,short,2014-04-14,2014-04-22,4.753193103075028,5.380428791046143,2685.146422402207,-1694.1643089757563,-1.0407209275751395,8
MSFT,long,2014-03-19,2014-05-07,32.86342554123515,32.372632686547675,966.0195907832681,-496.05374236211816,-0.29820681589643977,49
V,short,2014-04-14,2014-05-08,45.769263081556865,48.4828521619289,481.42995732486656,-1322.611203066332,-0.8124767773608915,24
NVDA,long,2014-04-25,2014-05-09,0.45478700768356595,0.4230005500286758,51445.698227156194,-1650.6731269272666,-1.0094152998750245,14
AMZN,short,2014-04-07,2014-05-27,16.041474761962892,15.720499992370605,1071.1093582701455,331.97783730999413,0.2023510146056357,50
JPM,short,2014-05-07,2014-06-05,38.67169311016227,40.40342092867468,738.3149321592466,-1299.3139650799503,-0.805705797587242,29
NVDA,long,2014-06-12,2014-06-24,0.46116047838261354,0.43859624792184754,60812.1032556946,-1390.9859027179864,-0.8624074282472648,12
TSLA,long,2014-06-24,2014-07-08,15.939298254489898,14.301419353831502,977.1939108234195,-1610.4680228544678,-1.0062121695527417,14
JNJ,long,2014-03-24,2014-07-17,68.0446826827293,73.19884201138498,487.28902883034567,2486.8481553821994,2.0407954300349744,115
AMZN,long,2014-07-15,2014-07-25,17.694843824386595,15.864999771118164,1298.355561590087,-2390.4446697051753,-1.472492912018575,10
PEP,long,2014-05-12,2014-07-30,60.30752044554621,61.77842713362153,529.522305940259,756.05665044751,0.7004416989457936,79
CSCO,long,2014-04-02,2014-08-01,15.999102388967307,17.41003227729318,1889.2295480165303,2642.812909061294,1.5863814920155634,121
JPM,long,2014-07-17,2014-08-01,42.62796736380213,40.78765474271364,754.6317598461026,-1410.4429895291325,-1.0156144066245727,15
PG,short,2014-08-01,2014-08-06,56.978915158206966,58.45388469163542,547.4451585385993,-829.7843908948852,-0.9881188901821989,5
KO,short,2014-08-01,2014-08-15,26.894127811089273,28.090336473517105,1159.8379936783172,-1410.07568187345,-1.2249935908745235,14
TSLA,long,2014-08-07,2014-09-15,16.683004692077635,16.774667739868164,967.5022115115506,77.3324001763855,0.04994664691648134,39
META,long,2014-07-25,2014-09-16,74.37435890608579,72.7907878088489,280.8289263601035,-459.06627346151606,-0.2845630266202668,53
CRM,long,2014-08-25,2014-09-22,58.36001644105959,55.86353673550544,360.51342606421366,-914.202141708688,-0.567513271874548,28
DIS,long,2014-08-15,2014-09-23,79.47269334246133,79.19204063300455,393.0893047068208,-132.12329151581062,-0.1082098902782211,39
JNJ,long,2014-09-18,2014-10-02,76.85778423800521,74.76468850032751,416.293189290085,-893.2154557128025,-1.0129482489607269,14
HD,long,2014-08-11,2014-10-14,62.339507215528904,67.11082929173949,500.2392513323003,2363.541233826355,2.157906917726797,64
AAPL,long,2014-06-05,2014-10-15,20.248606265769837,21.53017948994896,1599.0499750354552,2025.4050790098092,1.4262303126762081,132
PG,long,2014-09-23,2014-10-15,60.922255204410796,59.40998379927731,523.7242721240157,-813.8725575971094,-1.0036886041166642,22
V,short,2014-10-15,2014-10-21,46.18688854636317,48.28934444175497,673.3656647965875,-1438.341510110662,-1.0159776457586185,6
JNJ,short,2014-10-15,2014-10-22,69.45577283684092,73.14412945562891,434.5380473068188,-1624.8197448009491,-1.0443553792697027,7
ADBE,short,2014-10-13,2014-10-28,62.97849332237244,67.5649069084348,342.02047125111835,-1584.6664782345802,-1.0102120736820648,15
XOM,short,2014-10-02,2014-10-29,56.43876020845929,58.318881003155006,555.6882045021766,-1067.3414525480548,-0.79564853670516,27
CSCO,short,2014-10-14,2014-10-29,16.192749108314516,17.032333473156438,1864.828138758309,-1587.7576426745172,-1.0141006377565804,15
META,long,2014-10-24,2014-10-30,79.54159928742222,73.56139000459152,248.05970753064452,-1496.3706423906565,-1.008710563705698,6
AMZN,short,2014-10-27,2014-11-11,14.277857347488403,15.529677714373364,1187.1158426534582,-1498.8120526186567,-1.008583973106391,15
CRM,long,2014-10-29,2014-11-21,60.16962208666234,56.817038760616725,281.11337375788463,-953.7306758071234,-0.6528572582997754,23
AAPL,long,2014-10-24,2014-12-15,23.185385157282525,24.197022130257253,1071.4577733148299,1065.8864298795288,0.7185191095518294,52
ADBE,long,2014-12-15,2015-01-06,75.69783366394043,70.9743990624142,313.09031768480486,-1494.564504124202,-1.010618210483454,22
V,long,2014-10-31,2015-01-16,54.618389301710145,58.063881187102844,462.2758427630828,1574.1378710928734,1.0769957842426066,77
PG,long,2014-10-31,2015-01-27,63.15181060944794,63.58376021474061,463.11627792685937,179.45022568738946,0.1588739270333841,88
CSCO,long,2014-11-21,2015-01-27,18.943244434285987,19.08519916739166,1571.7117098687472,202.13672577351332,0.14508532471555452,67
JPM,short,2015-01-15,2015-02-12,41.06286617996341,43.44240091636854,502.7304896172296,-1211.4329102658326,-0.8211711098878053,28
JNJ,short,2015-01-21,2015-02-26,73.19065871119646,74.95308164420875,394.1537985093075,-715.2763563453759,-0.47997783266783123,36
NFLX,long,2015-01-27,2015-03-10,6.311868269920349,6.263713836669922,2418.140865376063,-127.05842699040149,-0.0866083957298107,42
AMZN,long,2015-02-02,2015-03-11,17.511251784324646,18.425500869750977,935.5997876138176,843.3895609857251,0.5709865024721431,37
AAPL,long,2015-02-12,2015-03-12,28.018716907153962,27.127210388514765,826.9460810874747,-753.0044628599393,-0.5007777348080351,28
NVDA,long,2015-03-11,2015-03-25,0.5536025436001867,0.5285467051601628,44110.250676740136,-1121.6498657980924,-0.7614808326020329,14
HD,long,2014-10-29,2015-03-26,73.28015571596806,86.06079463863621,380.261051162869,4837.557291422754,3.311453086557791,148
META,long,2015-03-25,2015-04-17,84.79809410757612,80.09662062336496,298.50356872408594,-1420.2833429291943,-0.9670537569658318,23
MSFT,short,2015-01-28,2015-04-20,36.252132446084524,36.89588730128561,501.12487719844734,-335.51192549636284,-0.22775055850937492,82
KO,short,2015-03-12,2015-05-14,28.185442750717037,29.233293856709004,1059.7252122020698,-1132.0086732049117,-0.8375266151400146,63
DIS,long,2015-02-26,2015-06-09,95.38230321573951,97.29554782486997,317.8275139889697,586.4963444893477,0.4511231024654903,103
JPM,long,2015-04-15,2015-07-07,46.83421807717229,49.326486163180995,623.3611810508966,1532.2147842373643,1.1077398555468398,83
KO,short,2015-06-16,2015-07-14,28.08489245094606,28.999422497833077,1087.1906984958466,-1016.2386652954641,-1.08825943461065,28
TSLA,long,2015-05-18,2015-07-27,16.474900508880616,16.95400047302246,1029.9665152038453,481.28282924333945,0.31964521271121293,70
NVDA,short,2015-06-30,2015-08-04,0.48893633784280427,0.49087257303639475,41622.893261034595,-94.8857273185806,-0.06164004011784007,35
DIS,long,2015-07-07,2015-08-05,105.86720409169281,100.73355732452337,289.51528691362745,-1506.8325769573944,-1.3664019636655627,29
META,long,2015-07-14,2015-08-20,89.71735214964647,90.39618663596626,300.21957876788167,184.82268992454038,0.11846050917754436,37
KO,long,2015-08-05,2015-08-20,29.737491429798993,28.72998874689225,1109.6950380173125,-1140.4495982518479,-1.0318982048661574,15
NFLX,long,2015-04-17,2015-08-21,7.9818460414409635,10.387999534606934,2160.7218836254633,5183.8365063513065,3.5638154962046076,126
AMZN,long,2015-04-21,2015-08-21,19.575283009529112,25.368000030517578,1320.6753805408134,7627.611760769091,5.278073459744348,122
JNJ,short,2015-08-24,2015-08-25,67.75601863019442,71.22110387651233,481.2865588408979,-1691.5266163963875,-1.2877018334044543,1
DIS,short,2015-08-21,2015-09-09,88.57358187736219,95.20743672416525,251.82109604435252,-1687.1602128084517,-1.0618836602826527,19
CSCO,short,2015-08-24,2015-09-09,17.869296383390967,19.08409950583565,1342.8667424210103,-1649.0947616237975,-1.0108967363495092,16
TSLA,short,2015-08-25,2015-09-16,15.36031603050232,17.39666748046875,767.8543644303612,-1572.8156611719758,-0.9724814629173589,22
ADBE,short,2015-08-25,2015-09-18,76.98148664474488,82.8161703451733,277.19103203292383,-1633.2293941166793,-1.009835640425094,24
PG,short,2015-08-20,2015-09-25,54.68826970623169,53.706615670196406,580.813919764985,548.2658277146139,0.4759259098422899,36
XOM,short,2015-08-21,2015-10-01,46.749151500130324,47.63730060521454,588.8248840593209,-542.547017003256,-0.3414742760747292,41
AAPL,short,2015-08-04,2015-10-23,26.181166661622488,26.151490578266074,1056.8027850336593,12.012753710069743,0.0072483011719955675,80
KO,long,2015-10-09,2015-11-09,29.923565978089563,29.70836911933429,999.0350925750383,-235.78650493517446,-0.17549805027605256,31
CSCO,long,2015-10-23,2015-11-12,21.02339210793735,20.08605087075323,1251.8236248562828,-1191.1041789566768,-0.780363917310694,20
CRM,long,2015-10-06,2015-11-16,73.84989889467852,74.02923683288806,243.8068623383947,31.094007227634087,0.020822421924997843,41
JPM,long,2015-11-09,2015-12-09,51.71064857188928,49.02909237578707,537.9643583579712,-1461.1890495573793,-0.9414293722373618,30
NFLX,long,2015-11-18,2015-12-28,11.799896671772002,11.465999603271484,993.696666396609,-339.80119103682637,-0.22070886787500868,40
NVDA,long,2015-10-01,2016-01-04,0.5985719331711397,0.7820481398776455,30076.479656498515,5502.405351820984,3.6942041903033065,95
AMZN,long,2015-10-16,2016-01-04,28.277631963729856,31.763500213623047,660.3917321142468,2287.5853282793096,1.5056861790733302,80
HD,long,2015-11-18,2016-01-04,97.86073184607896,101.01866794827981,314.80653780695957,971.9774088650811,0.6335957111255477,47
JNJ,long,2015-12-16,2016-01-04,78.49582757200454,75.32897753516099,402.9829620787001,-1297.5636331153225,-1.0167507045364137,19
ADBE,long,2015-10-19,2016-01-08,88.19407652664184,88.51000213623047,217.49364911165662,55.243430515381384,0.03640277082844734,81
XOM,short,2016-01-12,2016-01-14,47.169405343020834,50.46933418882805,464.0635898889299,-1547.6183751627534,-1.010605847181241,2
PEP,short,2016-01-19,2016-01-29,68.64904695627185,71.78467512293297,457.3474733778057,-1456.9095901691016,-1.0159252650873327,10
META,long,2016-02-01,2016-02-08,111.34831469469944,99.53594172681521,138.5043265258161,-1645.8786800666096,-1.0536052068046697,7
CSCO,short,2016-01-08,2016-02-12,18.635145355939827,18.221228701650542,1348.6928703397143,540.988227043649,0.35241863765651854,35
HD,short,2016-02-09,2016-02-17,86.15807919956806,93.9041680672216,214.06123953504832,-1672.0424406498837,-1.0083859493313514,8
CRM,short,2016-01-11,2016-02-25,72.44971698228099,69.30105298176133,300.80580907125335,932.4493970094604,0.6049548574997455,45
ADBE,short,2016-02-08,2016-02-25,77.36130152511598,85.81082333506365,196.30124895253735,-1670.2771594320197,-1.0070089912169735,17
NFLX,short,2016-01-28,2016-02-26,9.379307824611665,9.718000411987305,890.7246585896506,-307.71091489248545,-0.19252296933924193,29
AAPL,short,2016-01-04,2016-03-01,23.08091394275199,22.3760317691853,964.0686929788749,664.3864580997305,0.43614612585022083,57
DIS,short,2016-01-05,2016-03-01,93.86814334008817,88.72858918589367,236.87890420609622,1202.6176592731922,0.7892405059626176,56
JPM,short,2016-01-08,2016-03-02,46.27505983650397,44.874338002037234,497.8661662009438,681.6632822036273,0.44405928492652863,54
AMZN,short,2016-02-04,2016-03-02,26.236875,29.087499618530273,438.40190193328544,-1258.5206931447447,-0.7967844711000163,27
TSLA,short,2016-01-14,2016-03-03,13.473926780700685,13.09000015258789,922.9646310109554,345.8581385690038,0.22520997482145919,49
CSCO,long,2016-03-10,2016-04-12,20.26729276960774,19.985852385200484,1077.18675409263,-318.2641173566594,-0.2165091166740887,33
NFLX,long,2016-04-13,2016-04-19,10.80540019083023,9.75769406270826,1421.4505416851332,-1499.1204252478663,-1.0066193718549112,6
KO,long,2016-03-09,2016-04-20,32.00607550839375,32.8205808158916,916.9591024213945,725.8761512581394,0.6258664014822858,42
PG,long,2016-03-07,2016-04-21,62.840570323707155,61.694520843015745,468.77623741448537,-557.539135270604,-0.40413331919296847,45
TSLA,long,2016-04-06,2016-05-02,16.939799208641052,15.854000091552734,705.4210547848617,-773.8507748437581,-0.515750840535918,26
CSCO,long,2016-04-21,2016-05-03,20.938903126301895,19.845937698678977,1337.4142176290313,-1480.4732444983879,-1.0026442056584772,12
CRM,long,2016-04-19,2016-05-06,76.30861520195504,72.19104854534721,297.51642736068396,-1240.2008414609877,-0.83172618779495,17
HD,long,2016-05-11,2016-05-17,106.93248838779621,102.93362187400814,273.5000190756584,-1113.5060800910774,-0.9001697605639186,6
JPM,long,2016-04-20,2016-06-16,48.45821574631524,46.88514573924492,496.26368810119607,-797.0227658416309,-0.5399370354612576,57
AMZN,long,2016-05-02,2016-06-24,33.212597145080565,34.650001525878906,565.4097099253518,799.089653113857,0.5453664070324947,53
CRM,long,2016-05-19,2016-06-24,80.90149932135911,78.0595351826168,323.1431599666836,-936.1101918375247,-0.6393816160713235,36
NVDA,long,2016-05-16,2016-06-27,0.9949448296579558,1.1105352615267536,18694.6948515179,2146.6111618422337,1.4713175028900378,42
NFLX,short,2016-06-28,2016-07-01,8.736629675388336,9.598177967292763,1700.7555829041723,-1476.5634474257743,-1.0076984306164107,3
DIS,short,2016-06-27,2016-07-08,86.77340388587442,91.44621430173696,335.63653163464966,-1589.69392751782,-1.1728565112276508,11
TSLA,short,2016-06-23,2016-07-11,13.03947652721405,14.691653678168112,911.2070610380017,-1514.695935485296,-1.006124609491046,18
XOM,long,2016-02-18,2016-07-28,53.2890479253164,58.65989444730221,364.13572039671965,1940.9605250841844,1.2500581651940221,161
JNJ,long,2016-02-25,2016-08-15,79.29892762879966,93.12814894006816,374.0085435350027,5148.382639199805,3.451004467796346,172
AAPL,long,2016-08-16,2016-09-08,25.10497850560303,24.147145694156862,1205.7034613712497,-1175.3578304111932,-0.9317578377838434,23
PG,long,2016-06-24,2016-09-12,62.92118824401977,65.96051653135355,466.221521023904,1395.6154083960948,1.543315142929995,80
NVDA,long,2016-07-08,2016-09-12,1.2118978097962276,1.4424261782924819,17312.47477928948,3973.935290375831,2.7213434013066773,66
CRM,short,2016-09-14,2016-10-10,71.78160442864147,73.94079356870756,357.8891738836757,-791.1969692237232,-0.5330230994610688,26
META,long,2016-07-29,2016-10-13,123.62668485923496,125.69618915485518,226.20312985235574,448.27215176894043,0.29982538048243573,76
V,long,2016-09-08,2016-10-13,77.54506105465968,75.79782971689359,394.64281071753555,-710.5403873344173,-0.74070288269665,35
DIS,short,2016-09-12,2016-10-21,84.68705755261482,86.22204288499127,353.3838847176784,-563.7134721559678,-0.5494539261023477,39
AMZN,long,2016-07-11,2016-10-28,37.51875,39.099998474121094,782.8351799238087,1216.5545213978546,0.8276138546173936,109
GOOGL,long,2016-10-19,2016-11-02,40.802763477830986,39.490826182027234,733.8865876871273,-983.1967179655917,-0.8727107094685819,14
META,long,2016-10-24,2016-11-02,131.63044110626993,126.77746896728802,229.81098424250024,-1135.7722288374428,-1.0183865727920114,9
HD,short,2016-10-18,2016-11-10,99.52703811355072,101.1476546980019,300.9742090643062,-509.0250030822309,-0.39194147167872834,23
KO,short,2016-11-11,2016-12-09,30.198969952995736,31.180630848737845,976.5854392438308,-979.8952545344149,-0.8415459293193974,28
PEP,short,2016-11-11,2016-12-12,76.33135170114275,77.71880758420235,386.3664625215339,-557.032373330675,-0.45147625645815226,31
TSLA,short,2016-11-02,2016-12-13,12.6636650762558,13.289999961853027,1233.9429219767378,-784.2635836901214,-0.5318440903358518,41
JPM,long,2016-11-08,2017-01-17,54.010274742801066,65.20593857165063,542.3663870308559,6048.003099918063,4.814164967582423,70
NVDA,long,2016-11-14,2017-02-23,2.1645995590375318,2.5775264898508476,6807.157252811989,2798.857698124662,1.8737683677917767,101
TSLA,long,2016-12-28,2017-02-27,14.776051554679869,16.47333335876465,1329.5148586688229,2241.4559549861306,1.4461216836044914,61
NFLX,long,2016-10-19,2017-03-03,11.830912309169769,13.904999732971191,1424.245184043207,2940.4415353035574,1.9649029687355966,135
CSCO,long,2017-02-27,2017-03-27,25.864806113433904,25.526931282197026,1288.8582164081824,-458.54671621833637,-0.3634373177924649,28
HD,long,2016-12-12,2017-04-13,105.69732910865174,116.51457730647783,285.1347755802515,3061.4264241502733,2.1532685185753215,122
PEP,long,2017-03-29,2017-04-26,84.31880299030553,83.74269889187042,400.25869243966747,-254.07685242796558,-0.2983039576419115,28
DIS,long,2016-12-09,2017-05-03,96.13574357354774,104.02615584489395,315.0100224797495,2462.86900568213,2.1448286373188927,145
TSLA,long,2017-04-04,2017-05-04,19.802563722610472,19.606666564941406,1104.0591241261855,-231.4565158996559,-0.13711180377201035,30
AAPL,long,2017-01-18,2017-06-09,27.620768403204384,34.7340916159149,1136.354616807744,8056.4368276187915,6.746378392810004,142
CRM,long,2017-05-03,2017-06-09,85.53371078768437,84.9699850102801,398.7109429700937,-248.50103664235758,-0.2003893299069514,37
META,long,2017-06-09,2017-06-12,153.49940230456127,146.88015804135935,231.0933155451899,-1553.5761853938336,-1.2114434637820255,3
NVDA,long,2017-05-11,2017-07-03,2.958083204921993,3.503586338103481,7027.150603634253,3816.48184469235,2.2181093182973046,53
TSLA,long,2017-06-09,2017-07-05,24.973812987327573,23.08862060349906,940.353850295004,-1788.1232227693786,-1.0086731485874272,26
KO,long,2017-04-13,2017-07-06,32.195756503910296,33.75599428721209,1046.9871956045947,1608.972870458067,2.0191531384284334,84
JNJ,long,2017-06-12,2017-07-11,102.80463012307513,102.51886528255197,339.86099416784964,-121.51954926381862,-0.13165275055664602,29
NFLX,long,2017-07-19,2017-08-10,18.30614938545227,16.88896401752854,1240.0937952297045,-1772.2792553708834,-1.0084420807749301,22
ADBE,long,2017-04-26,2017-08-11,133.56674999999998,144.27999877929688,254.9054005313802,2705.393631961849,2.352559343027327,107
JPM,long,2017-07-05,2017-08-17,73.37596978676083,71.29158641407737,474.13153683549984,-1012.0318316349197,-0.6456258623626351,43
META,long,2017-07-13,2017-08-29,157.43684331295884,163.81149866184828,213.19187069843048,1334.7143054682401,0.767258446829068,47
AAPL,long,2017-08-16,2017-09-20,37.73795814906169,36.77810091676466,914.8619298785673,-901.7774726985443,-0.5117546444004316,35
ADBE,long,2017-08-17,2017-09-20,151.7358336639404,149.1699981689453,228.99534168271623,-611.5345966052873,-0.3701230453442792,34
CRM,long,2017-09-01,2017-09-25,94.1687081434825,90.92691531299056,373.9335246548943,-1236.1366761590389,-0.7440065630537911,24
TSLA,long,2017-09-15,2017-09-25,24.979816506385802,22.89524088007264,839.6259219559533,-1763.8951649159437,-1.007788216447392,10
HD,long,2017-09-29,2017-11-02,131.32265104344893,130.45737586298767,260.84498043765393,-249.54566394780528,-0.20114694576813671,34
NFLX,long,2017-10-06,2017-11-09,19.439715305328367,19.10300064086914,1249.6485891280474,-437.52750934001574,-0.2533225293085892,34
XOM,long,2017-09-28,2017-11-15,55.374343443582035,55.60432054339099,616.2628216047548,117.75369623634883,0.1375212985244898,48
V,long,2017-07-17,2017-11-29,91.23136179660261,102.1954517273434,381.3172966937197,4153.936987439272,3.5777306937711795,135
META,long,2017-11-02,2017-11-29,179.14712217775926,174.8644145602232,195.63721730487183,-861.8877777543603,-0.5458131979561461,27
NVDA,long,2017-11-13,2017-11-29,5.336085686190729,4.957437731819896,4586.205719402269,-1752.6461502123582,-1.009264730384033,16
CRM,long,2017-11-15,2017-12-04,104.13141543151117,99.85250390168612,330.1871744452544,-1436.0620031921353,-0.9238488388693821,19
PEP,long,2017-11-29,2018-01-11,89.1387777671814,89.60483682158853,387.3610263523829,156.25457187719246,0.1382204928316598,43
DIS,long,2017-12-05,2018-01-31,102.5034334196341,102.3617612809351,338.45834412380043,-72.20654704160948,-0.04476362543067127,57
CSCO,long,2017-09-25,2018-02-05,25.641078036900947,30.764743078085672,1326.352677620378,6767.9029957394005,4.821760733851744,133
HD,long,2017-11-29,2018-02-05,143.4160891988144,154.30410460122891,240.76021481680314,2595.6578647470656,2.0441128703923335,68
AMZN,long,2018-02-01,2018-02-05,72.286125,68.47785980406444,501.4379514106225,-1933.8358375641224,-1.0126869652969552,4
ADBE,long,2018-01-11,2018-02-06,187.38363828277588,183.8300018310547,192.60232452198625,-709.2913449403544,-0.39253318937060033,26
AAPL,short,2018-02-06,2018-02-12,36.1745857096892,38.32011605185805,849.9643897343819,-1846.2415393375536,-1.0124023080350302,6
JNJ,short,2018-02-06,2018-03-09,102.7863768906116,106.34983452386197,277.5334327376792,-1009.5406757608669,-0.5535902472231611,31
CSCO,long,2018-02-16,2018-03-23,34.331382764997585,33.55584480007317,685.8445521120675,-548.0615433916653,-0.30146785501005474,35
NFLX,long,2018-01-04,2018-03-28,20.630310839653013,28.322999954223633,1270.1047030471163,9746.316452745465,5.467942634521534,83
AMZN,long,2018-03-09,2018-03-28,78.21409055328368,72.3499984741211,351.3426507343706,-2078.3054339801024,-1.0827710595851638,19
XOM,short,2018-02-06,2018-04-05,53.697022666195885,52.413693067100894,586.0761408403023,730.5507555058698,0.40060374292967976,58
TSLA,short,2018-03-28,2018-04-05,17.629846819877624,20.156989754725103,726.3660119843486,-1845.69611880928,-1.0054833378610062,8
NFLX,long,2018-04-18,2018-04-25,33.646816068649294,29.76334486774442,467.4059553714142,-1825.077177823068,-1.005464875990986,7
META,short,2018-03-26,2018-04-26,159.34034026041329,171.71208610943052,121.6902851739841,-1519.9977132474473,-0.791850051871426,31
PG,short,2018-02-05,2018-05-21,67.44709054895279,60.08573155629978,537.9141336070243,3936.7583918361747,2.7484579944000895,105
PEP,short,2018-04-20,2018-05-30,81.52441842359205,78.63364375225541,428.43133832450906,1214.7922293281495,0.6675556749300031,40
ADBE,long,2018-02-27,2018-06-25,212.09600049591063,240.14999389648438,127.57194767454911,3557.814986699172,1.9275514055043599,118
JNJ,short,2018-05-03,2018-07-05,98.10564457112885,100.1257278490227,312.5326773679564,-653.1836944015159,-0.3561069287040613,63
JPM,short,2018-06-26,2018-07-16,83.76240679228141,87.22902655807293,400.92139968102794,-1414.1834528525205,-0.7425140559969985,20
NFLX,long,2018-05-24,2018-07-17,34.451215106964106,34.69499969482422,662.1168949212338,145.34953390596354,0.07773079879666607,54
META,long,2018-06-01,2018-07-26,191.48499003166393,173.36756255605715,165.30552439528543,-3015.2713717227084,-1.5978398473712756,55
XOM,long,2018-04-27,2018-07-27,53.22144196267174,56.54119357304819,586.0143561666911,1922.4228789943256,1.0625015704749328,91
CRM,long,2018-07-12,2018-07-30,143.39212982649627,134.42511881179803,215.97135506297434,-1957.133564005967,-1.0105937512638283,18
TSLA,long,2018-08-08,2018-08-17,24.618303900718686,21.353157250626616,564.1748704916263,-1850.7307401292283,-1.004677806658399,9
GOOGL,long,2018-07-16,2018-09-05,59.69129550072417,59.670879999956966,569.858078985486,-35.43785457623648,-0.018442997476953334,51
AMZN,long,2018-09-05,2018-09-06,101.9564550704956,97.09358335061661,370.0812006849077,-1824.99012754362,-1.0140764139916731,1
TSLA,short,2018-09-06,2018-09-27,18.977174299240115,20.926000595092773,677.8658924799145,-1330.8402874874548,-0.7109409041007385,21
HD,long,2018-09-11,2018-10-02,175.86335999510234,169.13420952845664,213.7905122501499,-1464.0838906309268,-1.0176941892303866,21
V,long,2018-04-27,2018-10-08,119.39543192779341,135.58422912874784,240.4249932822208,3869.7621912683135,2.138774174253487,164
MSFT,long,2018-10-02,2018-10-08,106.99326951343214,102.40905571261698,351.78818758858887,-1638.0519390050738,-1.015737651757446,6
AAPL,long,2018-07-26,2018-10-11,45.87610164300749,50.72155450791742,817.0595082250959,3930.4094673968266,2.5393388184447456,77
JNJ,long,2018-07-30,2018-10-11,105.7362293136186,110.86020980582694,341.9618269414873,1725.843978984918,1.0574954855861056,73
PEP,short,2018-10-12,2018-10-19,82.83674000447498,86.92882449338713,435.91750537308485,-1810.1585384789812,-1.0147702152436622,7
DIS,long,2018-10-22,2018-10-24,113.21174167438151,107.50910534338476,321.8238345771776,-1859.647110443125,-1.0132967688928902,2
TSLA,short,2018-10-09,2018-10-25,17.00815807914734,21.148000717163086,540.9306828652161,-2247.1516900743004,-1.2192695942209328,16
JPM,short,2018-10-12,2018-11-08,89.39152832223317,90.5383143211712,385.52195021703113,-466.50011892921816,-0.2582481649586914,27
ADBE,short,2018-11-20,2018-11-28,209.30529866027834,239.01670616525143,66.13022758667996,-1975.6900184334481,-1.0055312274767756,8
GOOGL,short,2018-10-11,2018-12-03,53.45105909816299,56.1104575760452,484.4781816893988,-1307.3207016201727,-0.7185876899271258,53
META,short,2018-07-27,2018-12-12,178.21506135825487,144.312715522273,105.34466255264637,3560.4322366933166,1.944107214220772,138
KO,long,2018-10-25,2018-12-17,36.846002462412926,38.32753414611482,989.9734200439633,1440.263387474302,0.954528030449629,53
TSLA,long,2018-11-09,2018-12-20,23.278299745559693,21.666667938232422,559.6778649559207,-910.5732966015457,-0.49858428409057737,41
NFLX,short,2018-10-29,2019-01-04,30.51073606967926,29.573999404907227,369.8936167004075,338.80080001699844,0.1791974424901007,67
HD,short,2018-10-12,2019-01-08,158.9849529875083,148.24407468736672,211.44721457440667,2248.9596280988994,1.2449936740763077,88
NVDA,short,2018-10-12,2019-01-15,6.070157418570512,3.757850825452581,2876.167046577319,6642.349222009706,3.677114813038388,95
JPM,short,2018-12-11,2019-01-15,83.52766392975356,83.17797743693812,294.6255116929284,85.86181130690724,0.045008945393212416,35
AMZN,short,2018-10-25,2019-01-16,85.12441631698609,84.21099853515625,215.05435058410228,183.73786531518635,0.10079334167621304,83
XOM,short,2018-12-18,2019-01-18,52.4463515096265,52.21603100368336,477.1385696890673,92.44380965253862,0.04846359099706017,31
CSCO,short,2018-12-21,2019-01-18,34.294569802491125,35.9189638067189,620.6530625178685,-1023.6895453706617,-0.5091823441997977,28
AAPL,short,2018-11-15,2019-01-30,44.67637888374278,38.73383622739391,394.50702000323724,2333.4438179065005,1.2535664975779044,76
JNJ,short,2018-12-18,2019-01-30,107.23090486400994,106.57771337479515,228.53552108388826,132.21277432610103,0.06931243794051947,43
DIS,short,2018-12-21,2019-02-06,101.93204470873283,109.05201747912855,301.10815567101497,-2166.652997433511,-1.077691432221528,47
HD,long,2019-02-14,2019-03-04,155.73533491703589,151.4651536413346,205.57136183602822,-899.7105913639596,-0.48981085336990804,18
CRM,long,2019-01-14,2019-03-08,143.3429577157076,149.43470983486745,114.4701781678221,685.4196103280015,0.36669066145089985,53
ADBE,long,2019-02-13,2019-03-08,263.2615698852539,250.27999877929688,91.50405688045912,-1204.0163521903426,-0.6548055462596016,23
CRM,long,2019-03-22,2019-03-27,163.2192062263698,151.9337701594102,164.97913967124268,-1879.5938511766603,-1.009523972496993,5
TSLA,short,2019-01-24,2019-04-03,18.859233268737793,19.69266700744629,544.0355312241782,-460.87168241138374,-0.2502783850864391,69
NFLX,long,2019-01-16,2019-04-15,35.41770152664184,34.91999816894531,393.8136637851538,-205.64836370371881,-0.11067952804693959,89
GOOGL,long,2019-02-05,2019-04-30,56.01306217856898,58.79663418796879,436.39043112988304,1196.8848597023937,0.6532985984000592,84
CSCO,long,2019-03-13,2019-05-03,42.253728724981585,44.3083430730603,872.2448765360455,1765.2526433896487,0.9562140386410309,51
V,long,2019-03-04,2019-05-09,142.65377524995887,149.5847217858991,257.4015554208731,1757.2624844933923,1.0038534208393048,66
ADBE,long,2019-04-30,2019-05-10,286.2430561065674,270.53568192447864,121.63711626780497,-1933.8257857563995,-1.0121564376420773,10
AMZN,long,2019-04-08,2019-05-13,91.70732977294921,90.94499969482422,373.45194082270575,-308.49662723893135,-0.1644281397938482,35
PG,long,2019-02-01,2019-05-29,80.20247133172235,86.9536407360017,393.37021601411794,2632.0310570982892,1.4413184575391669,117
AAPL,short,2019-06-03,2019-06-07,41.98290682970412,45.245140384261425,585.2907631199836,-1927.701325025882,-1.0096085624739344,4
TSLA,short,2019-05-14,2019-06-17,15.27902353668213,14.892000198364258,901.2202554889975,339.36371195539544,0.18431275597826605,34
XOM,short,2019-05-24,2019-06-20,54.00795734840177,55.56551922467466,692.3208389269405,-1105.1531284269086,-0.6374439848719363,27
NVDA,short,2019-05-29,2019-06-20,3.5034219319320705,3.890343687227134,4308.153055076318,-1678.4835875647016,-0.9026287325792777,22
GOOGL,short,2019-05-30,2019-07-03,55.487478871066735,55.83340744385582,532.0040136692863,-204.80950342763884,-0.10953644627953042,34
PEP,long,2019-05-16,2019-07-09,103.51534515050575,105.34094051876293,357.6158197744554,626.5569596145602,0.448299896922563,54
ADBE,long,2019-06-21,2019-07-31,301.61072145080567,298.92999267578125,88.21061493157995,-254.95053951585248,-0.13977098465515808,40
MSFT,long,2019-06-20,2019-08-05,129.1217669490262,125.16064003322053,275.71849582572474,-1116.421542980815,-0.6100204310488833,46
HD,long,2019-07-09,2019-08-05,178.5812639424725,175.88113555798037,203.36459297824075,-574.2030178339369,-0.34923695591987847,27
XOM,short,2019-08-06,2019-09-09,51.20340586050042,52.65751940735412,705.8559317861049,-1052.310068768742,-0.6028515249531705,34
KO,long,2019-05-17,2019-10-02,39.56551995359071,43.5592265987859,941.3242187996292,3731.0463767173073,2.7126408516360816,138
HD,long,2019-08-23,2019-10-03,185.29713843983012,189.76735163444334,176.67174420170596,766.370767777946,0.4144213573571907,41
PG,long,2019-07-05,2019-10-15,94.70094656873053,100.72271000263056,386.1272231305898,2298.1750635368007,1.524992277617179,102
META,short,2019-10-03,2019-10-15,173.95461459837287,186.5450397319036,147.4239888921778,-1875.195931669658,-1.0102714947213787,12
NFLX,short,2019-08-08,2019-10-17,31.087449140548706,30.448999404907227,578.4584644410885,356.95028502894786,0.19632625228556339,70
JNJ,long,2019-10-17,2019-10-18,112.84996716660257,107.21545989685433,324.1636942901611,-1851.0140940311937,-1.0134198553724023,1
ADBE,short,2019-10-03,2019-11-01,266.7865534210205,281.510009765625,85.05926808146181,-1269.00270843117,-0.6836817643427379,29
CSCO,short,2019-08-16,2019-11-05,37.861252382372626,39.375747535437476,532.6832181412939,-821.3478373185035,-0.4438350985156643,81
NVDA,long,2019-10-16,2019-12-03,4.846254981243242,4.983931972589848,4184.788915221067,561.6070698918118,0.3061837255226417,48
JPM,long,2019-10-16,2020-01-23,100.29242814259494,114.03903852764923,318.5961898484086,4354.62297155984,2.3741059473049706,99
AAPL,long,2019-09-12,2020-02-24,54.003944204958835,71.75960997813098,540.9915639371793,9579.45102137307,5.131727293554104,165
GOOGL,long,2019-11-08,2020-02-24,64.5362716594072,70.35118456784836,597.1132194243556,3443.1032479529495,1.9488086475315936,108
MSFT,long,2019-10-29,2020-02-27,135.80073147355236,154.7181513655058,259.68519992195223,4884.940614197876,2.598235004101484,121
KO,long,2020-01-23,2020-02-27,47.1267681065494,46.51217064899308,968.3449578978493,-626.7297415466032,-0.46059865625143753,35
TSLA,long,2019-10-15,2020-02-28,17.18859030532837,41.20000076293945,1041.5076393748714,24980.5311496342,13.639375905918273,136
PG,short,2020-02-28,2020-03-02,93.40148753329488,98.5913580738021,449.34624349811185,-2362.8267862095586,-1.0131978173757912,3
V,short,2020-02-28,2020-03-02,166.04610761205623,179.41548797779186,174.43208045716446,-2353.722698519212,-1.0092939164081478,3
JNJ,short,2020-03-02,2020-03-04,113.25060320308566,119.4402644277609,359.3244415874491,-2253.916617938591,-1.013407715861108,2
CSCO,short,2020-02-28,2020-04-06,32.03751382994953,33.89226481582881,811.8974503640313,-1524.9789401096334,-0.6539223876591405,38
XOM,short,2020-02-25,2020-04-08,42.96696114018274,32.9363494059176,875.898210022259,8764.722061342236,3.6536442502681994,43
DIS,short,2020-02-25,2020-04-09,129.61422864302244,104.63524758103348,298.44174334728615,7432.1659101207515,3.098157597526092,44
META,short,2020-02-28,2020-04-09,181.01900075370565,174.3687890252743,153.6133275759244,1002.7092376382199,0.4299692287928397,41
JPM,short,2020-03-02,2020-04-09,98.03630299197603,87.45516084221228,305.3309961042377,3211.735657478564,1.444063045939929,38
GOOGL,short,2020-03-10,2020-04-09,62.137158929181794,60.50251369057454,368.5712374575087,586.8133296375036,0.24744137302318733,30
CRM,short,2020-03-10,2020-04-14,154.47880887367265,155.33268549053062,127.92356905677939,-123.12951933154996,-0.05191998167782695,35
HD,short,2020-03-10,2020-04-14,185.1406572899639,176.84036105886565,132.12581855070894,1080.2181411834529,0.4554952086451482,35
ADBE,short,2020-03-13,2020-04-14,312.7235648803711,328.7699890136719,56.818204404550606,-924.7139177738629,-0.3717599152192245,32
V,short,2020-03-10,2020-04-29,171.47307624776062,170.91830978987002,131.2447398774025,57.100408064553335,0.024077509248819157,50
JNJ,long,2020-04-24,2020-05-14,130.85046983519698,122.22693200622601,176.38092421929457,-1536.2706245334025,-0.6351576492475877,20
META,long,2020-05-20,2020-06-26,221.66519173940307,220.93981615980846,112.18637075176217,-98.73589672271748,-0.04068190327357183,37
GOOGL,long,2020-05-27,2020-06-26,70.41114263198963,68.68099326977082,391.4847701069331,-696.2161520340723,-0.28966624846526706,30
NFLX,long,2020-04-14,2020-08-11,39.769875,46.75400161743164,420.2502233553574,2921.620413259098,1.2265465399924962,119
TSLA,long,2020-06-02,2020-08-11,59.67649081420898,91.10266876220703,287.35433714660695,9013.02645525551,3.6762778870242774,70
CSCO,long,2020-05-19,2020-08-13,37.50153371462348,36.901653828376546,624.5052130890705,-390.7972716313067,-0.1618086798633187,86
HD,long,2020-05-19,2020-09-04,206.5270728608473,233.01220424976566,107.88255069233176,2839.972692355181,1.1758839315321712,108
MSFT,long,2020-05-12,2020-09-08,177.1476284438567,193.08324719054212,142.74881337880896,2255.7244625192598,0.9443168699054384,119
AMZN,long,2020-04-15,2020-09-11,112.94044468688965,155.55650329589844,213.29215589625377,9067.354696252076,3.7701379366274503,149
AAPL,long,2020-07-07,2020-09-11,90.9160498468552,107.56037630423063,415.6017656822673,6886.811607807092,2.558416474278448,66
ADBE,long,2020-05-21,2020-09-18,382.191,458.8900146484375,61.02735853681899,4661.602948380524,1.9293381952433089,120
PG,long,2020-08-13,2020-09-21,116.88057157907913,116.78755692255531,486.0004676467883,-84.94085218102039,-0.032410598773739155,39
NVDA,long,2020-05-12,2020-10-28,8.086395886609498,12.982261385916676,2327.4970307854633,11375.100601623699,4.761973181329121,169
PG,long,2020-10-12,2020-10-29,124.01903841942045,118.67266984940775,469.4906796949611,-2549.322219556593,-1.0156378118449463,17
V,short,2020-10-28,2020-11-04,176.34263004888138,188.60360431127665,238.34988572596973,-2953.577127424107,-1.0106677024837103,7
DIS,short,2020-10-29,2020-11-05,114.5063033024467,123.58386144339752,319.8627061458736,-2930.95286277989,-1.0094299530630517,7
XOM,short,2020-09-09,2020-11-09,30.182732245304305,28.678086273076506,1040.4705024381662,1544.4961047568902,0.529227714104733,61
JNJ,short,2020-10-29,2020-11-09,117.53719134297585,126.483848118015,432.68300394561436,-3908.9884100094687,-1.3462686614132007,11
CSCO,short,2020-08-14,2020-11-13,35.788250387947585,35.03931720255934,896.8074158357077,649.5852060790236,0.2289457483872338,91
GOOGL,long,2020-11-05,2020-12-21,87.78833387437692,84.70539704892414,360.47962396770146,-1132.8212399195133,-0.40073842254483527,46
PEP,long,2020-11-17,2021-01-04,120.48418245620401,120.23105318512499,386.4705910480998,-130.36283803813697,-0.047395499509453806,48
KO,long,2020-11-10,2021-01-06,44.30638543194171,44.12208275711806,955.1563262964858,-205.5559101301465,-0.07473858957997911,57
DIS,long,2020-11-10,2021-01-25,135.77762752303633,164.99055922814694,227.26154083132977,6613.392562992024,2.4045800102940333,76
TSLA,long,2020-11-20,2021-02-17,166.07967192077635,259.6966552734375,117.28647604468885,10959.782842099135,4.037364373283041,89
AAPL,long,2020-12-23,2021-02-18,128.4770823827486,124.90521758681017,298.70453778392283,-1093.1557448199906,-0.37559993126147717,57
NVDA,long,2021-02-17,2021-02-23,15.117581582086201,13.798317841868336,2377.0103410300667,-3159.1762643384313,-1.007421373425841,6
MSFT,long,2021-01-27,2021-02-25,227.47161780506144,219.00569842343597,237.07308799335067,-2043.586604719127,-0.6613084739470119,29
JNJ,long,2021-01-06,2021-02-26,134.98977231287148,136.92167001175824,441.2086499609531,810.1674949626561,0.28689165228889807,51
CSCO,long,2020-11-17,2021-03-04,35.66947211031628,38.375705684000465,1045.4858142610874,2801.526865111625,1.0185400008112406,107
PG,short,2021-03-01,2021-03-16,108.5713344932275,113.67372988899439,534.8503165418174,-2771.303792057711,-0.9015110112938485,15
PEP,short,2021-02-23,2021-03-19,111.45763421373249,114.03926666485172,515.8549263365048,-1372.7940453716587,-0.44594064123583066,24
ADBE,short,2021-03-04,2021-03-31,446.22678720092773,472.0,83.31600483058423,-2174.633997950999,-0.6985106524869731,27
CRM,short,2021-03-04,2021-04-01,203.22074280661835,214.45971282150975,163.0050898538347,-1856.296733541162,-0.5962580571153616,28
AMZN,short,2021-02-26,2021-04-05,154.68261450958252,159.10000610351562,263.52437456678615,-1193.3226586934995,-0.3905196270070511,38
JPM,long,2020-11-10,2021-04-21,101.67322215768246,129.66364080221095,303.74152251574026,8475.133598009,3.0814951086351186,162
XOM,long,2020-11-25,2021-04-21,33.620526734542096,44.65552141891004,796.4387716874804,8764.680709717522,3.1251948446822064,147
CSCO,long,2021-03-16,2021-04-30,42.194916945651826,43.970059071875305,1221.3880389751096,2130.761021229854,0.7024960927826169,45
MSFT,long,2021-04-06,2021-05-04,237.20161880118863,236.38411666707708,194.60009379496222,-191.30216046742365,-0.06266892977175065,28
GOOGL,long,2021-04-06,2021-05-11,109.62916907124419,110.81835377243557,383.6204595681995,426.48266967872615,0.13971202630257867,35
V,long,2021-04-30,2021-05-11,226.46827670020426,214.28840374115165,252.07998902277572,-3108.421744964909,-1.0124155539571802,11
HD,long,2021-03-22,2021-05-12,251.77997096802054,280.06075553427064,183.15915074776157,5144.495488984131,1.7098166719792056,51
JNJ,long,2021-05-11,2021-06-07,147.4157367360379,143.4481641101896,406.3207386620283,-1653.0684255346043,-0.6654635349243722,27
JPM,long,2021-05-10,2021-06-14,141.76296004948173,139.18285812868427,368.39247307042655,-986.4769185095973,-0.3241921935216915,35
KO,long,2021-06-07,2021-06-18,48.22871469718504,46.524248724784115,1262.4021165949853,-2193.049240412391,-1.0192068490862698,11
NFLX,short,2021-05-11,2021-06-22,47.951010974884035,51.17599868774414,725.8139873973263,-2366.508096025874,-0.7905734889036569,42
PEP,long,2021-04-21,2021-06-23,124.9226353803516,123.9628363546788,492.3429806691091,-515.3201308145061,-0.18749803095764925,63
CRM,long,2021-07-06,2021-07-15,244.88779655333067,234.8273500365591,218.2624883973864,-2231.9154741824173,-0.7069365798143594,9
META,long,2021-04-06,2021-09-20,306.3045359231953,350.23439359725023,112.3011226909549,4906.333472759703,1.6072723229569923,167
ADBE,long,2021-06-14,2021-09-20,545.3124980163574,634.530029296875,88.69807647433682,7874.817639567439,2.6045714714511545,98
MSFT,long,2021-06-22,2021-09-20,252.25757067237043,282.76788126792405,240.81190011985515,7300.314882802296,2.474621110543373,90
AAPL,long,2021-07-01,2021-09-20,133.21767758878175,140.37932278347847,465.6850868891325,3289.644081908452,1.1055284381011807,81
NVDA,long,2021-06-01,2021-09-28,16.218309036718637,20.594414612488368,1980.7325262665886,8640.207022951252,2.877346583155445,119
HD,long,2021-09-28,2021-10-01,303.106870498425,289.3256531072234,213.04903224681408,-2979.517021160374,-1.0147959409626883,3
KO,short,2021-09-29,2021-10-12,45.72222014635396,47.48174161338859,1403.629956836842,-2516.1228255751703,-1.018789919646952,13
JNJ,short,2021-10-01,2021-10-26,141.10123891972646,144.5540323586264,452.61697657077474,-1608.435974099684,-0.635389068081038,25
JPM,long,2021-09-28,2021-11-16,148.05351716847008,147.1135753392919,378.18929516068965,-394.45723101902234,-0.12222826975694491,49
XOM,long,2021-10-04,2021-11-19,51.82053497385674,52.66463191307321,849.0627528914293,685.4620358989682,0.214363644558567,46
CRM,long,2021-09-24,2021-11-23,273.90065331255096,288.538138633115,193.224313936252,2789.5740819065522,0.8540542897468224,60
NFLX,long,2021-10-26,2021-11-30,67.40968745040894,64.21099853515625,701.3968556088737,-2275.300876991563,-0.6710893241366424,35
TSLA,long,2021-08-03,2021-12-06,239.78650508880614,326.20001220703125,126.43024659447309,10897.504458564144,3.4232075723151993,125
JNJ,short,2021-12-01,2021-12-07,137.9369093476745,144.26933107639752,501.66377751173593,-3227.0912188928855,-1.0181942022277954,6
V,short,2021-11-23,2021-12-10,190.23927260436994,206.84661286912728,208.39354131456145,-3490.6902120590335,-1.0086185923031679,17
HD,long,2021-10-15,2021-12-17,307.69735867124314,351.5177039990073,209.77062622712594,9141.52384079364,2.8167541571886523,63
AAPL,long,2021-12-13,2021-12-20,177.15814839241278,164.5168056737423,292.58742399709087,-3732.7626555737843,-1.1040444174878794,7
DIS,short,2021-11-19,2021-12-28,150.22652126639986,149.95265711399995,323.50439885397793,54.630157426633,0.015694088273654174,39
JPM,short,2021-12-20,2022-01-04,137.09361864710522,145.8618727353667,360.01415911348187,-3193.138590538234,-0.9573861034291721,15
PG,long,2021-11-16,2022-01-18,131.46567939216428,139.58408598900633,526.916082755882,4226.662404264676,1.7222552100405448,63
CSCO,long,2021-12-17,2022-01-19,52.787159216168234,51.07279659788597,995.8605989203345,-1743.039880493546,-0.5234879488593321,33
PEP,long,2021-12-07,2022-01-24,144.0619198967993,146.43848341134685,468.48125731267766,1065.4642215457493,0.3483277662569255,48
DIS,short,2022-01-24,2022-02-09,130.6511492545392,142.2346126755823,296.7939203546558,-3467.1077876784093,-1.0084953764650426,16
KO,long,2021-12-30,2022-03-08,51.7480535485322,51.86231507417303,1299.62093580576,101.3305752321986,0.03669452216371611,68
V,short,2022-03-08,2022-03-16,183.81567119943546,203.25558339032483,190.74854610043232,-3734.903668146494,-1.007678267507186,8
AMZN,short,2022-01-20,2022-03-18,156.68762346649171,160.3489990234375,274.30038273714797,-1035.004939205559,-0.30944908282487527,57
CRM,short,2022-01-24,2022-03-18,208.67366385002558,213.61435678427733,149.50821025459305,-760.9562607189447,-0.22134323984806123,53
META,short,2022-02-04,2022-03-22,232.80812023948937,214.91270666982817,77.40183152982367,1373.3550265161155,0.4028973641366967,46
NFLX,short,2022-01-19,2022-03-29,51.474250000000005,39.5,662.3358215762266,7911.868028571402,2.36372649274965,69
PEP,short,2022-03-11,2022-03-29,135.3153927078699,145.69467261505648,385.18943414354897,-4036.8731893229024,-1.1075106396737247,18
ADBE,short,2022-02-14,2022-04-04,472.96341220092773,471.9800109863281,55.762166852456545,36.4080592666,0.010620259526248925,49
NVDA,long,2022-03-30,2022-04-06,28.233778909773818,23.99739888248814,799.7691429116138,-3401.8995014679404,-1.0040652200958247,7
AMZN,long,2022-03-29,2022-04-08,170.46919468688964,154.32227760864694,208.49526441233087,-3389.4152260990686,-1.006790168395774,10
TSLA,long,2022-04-05,2022-04-11,378.95604592895506,326.79998779296875,66.98550088393523,-3509.372650948349,-1.0457118742354012,6
AAPL,long,2022-03-30,2022-04-14,174.86687765595096,161.64045229916573,256.1633950273661,-3417.449292996793,-1.008654716301437,15
XOM,long,2022-01-05,2022-04-25,56.953306599563426,69.03250299443401,873.0262203289136,10504.322689123477,3.138704725665975,110
JNJ,long,2022-03-29,2022-05-05,158.21809713774962,156.4746295251026,423.8114820026088,-785.3965041431434,-0.2332937766299559,37
XOM,long,2022-05-05,2022-05-10,79.7006810939453,72.51025273706425,459.8640970095346,-3330.2919087624077,-1.0071589920929225,5
KO,long,2022-04-11,2022-05-18,56.426254377287385,55.22438220405094,1162.3506744073613,-1442.0696993349607,-0.44914844444460017,37
JPM,short,2022-01-20,2022-05-24,132.98822828955917,114.61724550938507,333.2234649611485,6094.2951635124755,1.8220918349052067,124
ADBE,short,2022-05-09,2022-05-27,381.75903720092776,424.2300109863281,63.99849923889185,-2736.8118344462496,-0.8198557253128378,18
CRM,short,2022-04-25,2022-06-02,166.72078073226305,182.81716518781505,144.2939668974369,-2340.8444944685834,-0.7094927576093255,38
NFLX,short,2022-04-26,2022-06-02,20.86955916118622,20.437999725341797,537.9976043249046,224.45780839124765,0.06768980758212616,37
AMZN,short,2022-05-06,2022-06-06,114.79257347488404,125.61000061035156,171.70892766404785,-1872.3609195898287,-0.5622265668279942,31
GOOGL,short,2022-05-10,2022-06-06,114.43503579099178,116.863242236052,261.84143435659314,-657.1612252620996,-0.1977648200546966,27
XOM,long,2022-05-18,2022-06-17,80.92825160163558,77.81877107312617,430.62375638385925,-1362.6075152694277,-0.4061849701612974,30
AAPL,short,2022-06-14,2022-07-12,130.4448737499791,144.64636610420064,211.8227746727076,-3029.3462712431115,-0.9179208793296222,28
HD,short,2022-02-23,2022-07-15,284.4164442138976,265.97153017619706,132.69341876033454,2422.5690803903312,0.6837434607843755,142
CSCO,short,2022-04-18,2022-07-19,45.087436018786896,39.42691099242984,1002.6397948817138,5647.228411619124,1.6960484312915183,92
META,short,2022-06-14,2022-07-19,164.50240707931084,171.21647094718156,110.59658790755012,-755.7334697606234,-0.22899446579833616,35
DIS,short,2022-04-25,2022-07-20,114.02176268180978,97.34415007891879,286.89972873507367,4764.774444288788,1.444168105934926,86
ADBE,short,2022-06-17,2022-07-20,349.06537023925785,392.19000244140625,65.34534277012618,-2835.651526796086,-0.8580957923506344,33
TSLA,short,2022-05-25,2022-07-21,207.84602194976807,255.10667419433594,57.86634548715546,-2744.861214270906,-0.8114503796322466,57
MSFT,short,2022-06-14,2022-07-27,235.82467834470302,260.3244273758523,129.0135713583544,-3183.9938087412643,-0.9647805615501737,43
PG,short,2022-06-14,2022-07-28,123.88326440354689,132.94077489482783,347.7684316921329,-3181.9640503211303,-0.9641655253453255,44
JPM,short,2022-06-15,2022-07-29,103.96719559570823,105.7017056544162,332.17867874511614,-600.6879398935421,-0.18360992087388467,44
AAPL,long,2022-08-01,2022-08-30,157.92036433505913,156.48863324172908,246.93416790090515,-380.6283538267773,-0.12412335209378247,29
PEP,long,2022-08-02,2022-08-30,155.24835665082406,151.1893240378483,380.2539109893124,-1583.8606044554463,-0.5169462975802362,28
JNJ,short,2022-08-12,2022-09-27,149.2080087761371,150.36644789685027,407.6070390927295,-515.0440169933777,-0.1664293586217777,46
JPM,short,2022-09-28,2022-10-14,96.11452048196219,104.55821221011372,373.0550180196464,-3176.950749659032,-1.0085680981380527,16
CRM,short,2022-09-01,2022-10-18,152.16008068168762,155.55875372132954,158.33912511384136,-555.3308272309614,-0.18204712829044473,47
GOOGL,short,2022-09-16,2022-10-18,101.12230306470497,102.22355031177057,329.10155996692396,-385.93529561095056,-0.12556581388704438,32
ADBE,short,2022-09-16,2022-10-20,298.1708473205567,305.5,66.44829943724478,-501.17099972640335,-0.16305827736644038,34
V,short,2022-09-22,2022-10-20,180.9391968462645,184.76009258826625,224.9919870203789,-888.6836363456093,-0.28536406330184766,28
KO,short,2022-09-14,2022-10-25,53.87207615080085,52.859494037646996,1094.8325845062536,1067.9864236487902,0.3495525997897365,41
MSFT,short,2022-09-16,2022-10-25,236.71284869154422,242.95909794804967,160.53479963337182,-1029.9424718916512,-0.3350964946991493,39
AAPL,short,2022-10-03,2022-10-25,135.61053397580665,149.30630299715833,230.3288282645656,-3178.2876599022766,-1.0075311459352938,22
NVDA,short,2022-09-02,2022-10-27,14.05393405328386,13.622239538294219,1138.5425108910608,480.5967576129803,0.15697175994842624,55
MSFT,short,2022-11-04,2022-11-10,210.82816809720566,234.14727367269535,133.38379581097809,-3131.941793992979,-1.0069287040401393,6
GOOGL,short,2022-10-28,2022-11-30,91.41327903138213,99.25984624445441,298.69122541650506,-2364.2200376844976,-0.7711199533389788,33
META,short,2022-09-14,2022-12-01,151.9192704588734,118.16234470998532,145.81424964494906,4909.687746773414,1.6069437569974527,78
XOM,long,2022-10-20,2022-12-05,92.14640136924201,94.96964383278015,372.9272901633125,1028.1777074717784,0.332535862293598,46
JPM,long,2022-10-27,2022-12-15,114.70835534905648,118.92754534896932,313.40933063106087,1296.3746453623264,0.425031010404788,49
CSCO,long,2022-12-01,2022-12-20,45.0584227763516,42.50782554523615,1080.6638042108912,-2788.769408521376,-0.8981763805865519,19
NVDA,long,2022-12-14,2022-12-22,17.956094558265114,15.674216778087388,1361.886680321596,-3122.9122757795367,-1.0049082994803542,8
NFLX,long,2022-10-24,2022-12-28,29.037512217521666,27.5939998626709,712.683293996527,-1042.6360645953944,-0.343111633173869,65
PEP,long,2022-10-31,2023-01-03,160.036868986038,158.47611246475543,328.69447209718237,-549.5264975279244,-0.1794258677246367,64
CRM,short,2022-12-06,2023-01-09,130.38788514033655,140.1650771970619,152.27264785850446,-1503.5903584158566,-0.49120015210510376,34
JNJ,long,2022-10-25,2023-01-11,152.72115399969573,157.15106830773655,373.1293146425654,1612.0498134844258,0.540412994906658,78
DIS,short,2022-12-20,2023-01-11,83.41826931903728,93.15714163458165,312.64614979745875,-3064.9041058914586,-1.0065958470171255,22
AMZN,short,2022-10-31,2023-01-12,103.50821755981445,96.93000030517578,193.38730032849398,1258.8949397254048,0.4110417203729232,73
AAPL,short,2022-12-20,2023-01-18,129.13261069625815,135.35274779526193,220.57915356538686,-1392.7945692802782,-0.4574306995414962,29
TSLA,short,2022-10-17,2023-01-23,209.93497328948976,141.25999450683594,77.93634709481202,5344.035253861699,1.7068996706615935,98
PEP,short,2023-01-20,2023-02-13,150.014902460957,157.72994012890436,369.42909936214147,-2890.663422080058,-0.9890271871295064,24
NFLX,long,2023-01-23,2023-02-21,34.18908688545227,34.0629997253418,772.7038346173142,-115.86220227101877,-0.03963015769173046,29
DIS,long,2023-01-27,2023-02-21,105.98743861439736,98.89544418622863,335.08418600188435,-2399.8496312009343,-0.8044674287074624,25
V,long,2023-01-13,2023-02-23,216.16434914589303,214.0796991270095,232.54225122661376,-519.6654879554591,-0.17542158451117815,41
JPM,long,2023-01-09,2023-03-08,127.92341606166852,126.78939771078694,406.57395231101304,-497.19291572031574,-0.1664851878914772,58
XOM,long,2023-01-27,2023-03-10,104.13414820602831,97.43043775308824,369.53765438621565,-2502.724114610645,-0.8389525773068786,42
CRM,long,2023-03-03,2023-03-13,184.9640506891564,168.00075903116385,172.7130330582219,-2950.3856755122674,-1.0070326480787366,10
ADBE,short,2023-02-27,2023-03-17,321.8589790191651,356.551541873869,84.3793069409276,-2948.101576637942,-1.0070942243170964,18
JNJ,short,2023-02-16,2023-04-03,143.5371431637369,142.07765601367024,410.8914513991498,558.7658783063749,0.20247989202822275,46
HD,short,2023-02-22,2023-04-03,271.69377898697707,274.16831353380314,122.14054338810227,-325.65171683892316,-0.11349189128255915,40
CSCO,long,2023-04-03,2023-04-19,47.40344205704346,44.96798873859867,1207.0467748392707,-2977.994969952271,-1.0111947934255627,16
KO,long,2023-04-19,2023-05-17,57.9329161819915,57.23161270476783,1008.255827917054,-747.556902316542,-0.38347855441113293,28
GOOGL,long,2023-04-10,2023-06-22,106.09273770909621,118.80651938298395,343.0151316744609,4332.928893175488,1.4833897020345008,73
MSFT,long,2023-03-17,2023-08-02,271.37087317798427,319.441590831674,144.3920073587405,6909.434151159382,2.3944801641747615,138
AAPL,long,2023-03-21,2023-08-04,155.00817269485023,182.95514900922737,268.84016767570864,7479.591140310305,2.590469561299239,136
CRM,long,2023-03-30,2023-08-08,194.5038807601463,209.4464580297245,196.42481777313384,2906.588188893393,0.987353227601112,131
NVDA,long,2023-01-24,2023-08-09,18.79465209864673,42.69381892243994,1232.1059594540495,29412.428184060744,10.007189954501806,197
META,long,2023-03-16,2023-08-17,196.6323594656024,285.79028868592326,143.30408593795227,12749.304779330772,4.417834392196243,154
HD,long,2023-06-27,2023-08-22,285.7360989642028,299.71777012779756,213.2553339585113,2937.22263067248,0.8577981113485591,56
PEP,short,2023-08-18,2023-09-14,160.64431234573286,164.76840956788874,433.1449986042755,-1836.1114810986708,-0.6255594893324613,27
AMZN,long,2023-05-17,2023-09-21,114.94744438934326,130.5800018310547,328.6519972386761,5108.144227408461,1.6450780940104763,127
CSCO,long,2023-08-18,2023-09-21,50.497252965044865,49.34487285585386,1379.3205262865063,-1637.3041660432648,-0.48247702852425794,34
GOOGL,long,2023-08-30,2023-09-26,133.66218973336805,127.82654454608127,365.994573014425,-2168.7767251453065,-0.621144617694712,27
XOM,long,2023-08-10,2023-10-04,99.72784586896616,103.26764788265565,571.0583342029596,1980.355289006091,0.5619793246460055,55
DIS,short,2023-08-25,2023-10-16,80.50133941877898,83.30485924038075,671.5881390689648,-1921.7849675413586,-0.5534347738771488,52
NFLX,short,2023-10-16,2023-10-19,35.603187883377075,40.4739990234375,1035.139568481949,-5070.792511263753,-1.4513855392660104,3
PG,short,2023-09-29,2023-10-25,136.35504303828924,140.8546132064711,512.0065901963061,-2354.062141356784,-0.8510689742942544,26
KO,short,2023-09-22,2023-10-26,53.35529510459671,52.01629462456474,1292.2919158899776,1683.1522918420294,0.6938677178346374,34
AAPL,short,2023-10-27,2023-11-02,164.74227342134412,174.66899944954955,349.2325698238977,-3509.0894396463104,-1.0122170821142125,6
PEP,short,2023-09-27,2023-11-03,156.19940689403788,152.98529455482407,448.2696028980846,1392.6397230154764,0.48982454643118506,37
CRM,short,2023-10-26,2023-11-07,193.9655909263988,208.33568557611184,231.8754503135337,-3365.554512370058,-0.9787353336072606,12
HD,short,2023-10-04,2023-11-14,273.4853358317078,280.64550341254,255.56395774549551,-1879.9037899048678,-0.5448898053787739,41
TSLA,short,2023-10-31,2023-11-14,196.02193511962892,235.02999877929688,104.56942389857255,-4095.846705315756,-1.205928599885507,14
JNJ,short,2023-10-19,2023-11-21,139.8925315423219,140.66385087633452,492.2054876959609,-428.0745077313518,-0.13291942949807556,33
ADBE,long,2023-11-08,2023-12-14,589.2945,591.1699829101562,73.1245616325599,106.89724794565791,0.032553290098691214,36
AAPL,long,2023-11-21,2024-01-02,189.36222991938678,185.05528848269014,345.8814765997639,-1534.6452703828068,-0.4883781820301255,42
XOM,short,2023-11-08,2024-01-04,94.55619286927343,95.79071269453947,478.28517278746324,-622.4641769848997,-0.18955826570702275,57
DIS,long,2023-11-16,2024-01-09,91.07780713204122,87.28245322369601,536.0068498966161,-2067.287921186767,-0.6293084930714069,54
JPM,long,2024-01-03,2024-01-16,162.15182914359661,156.31528954828698,397.27358468374376,-2362.4048322717895,-1.0188475302612054,13
HD,long,2023-12-14,2024-04-01,328.5634279586505,348.4334693769202,199.58348354402122,3917.4495617095895,1.3412591038788488,109
V,long,2024-01-18,2024-04-04,263.016265201676,271.51578482680645,253.29216969930462,2104.936077855366,0.9844155800293272,77
NVDA,long,2024-01-09,2024-04-09,52.334185870207726,84.02060015441661,788.9356607404352,24954.641250637444,7.695286156118014,91
DIS,long,2024-04-01,2024-04-12,118.78994948357241,112.22013600707052,590.9455268044609,-3929.211317240581,-1.0120568227448032,11
MSFT,long,2023-11-03,2024-04-17,342.4427772746357,406.3002832613404,152.51885359206693,9697.069636309376,2.9629431654751364,166
META,long,2023-11-15,2024-04-19,335.1557444669781,478.09280367110387,126.02493084557084,17973.25823600507,5.486505705008095,156
NFLX,long,2024-01-25,2024-04-19,55.22259719467163,56.78799819946289,780.5492560742415,1190.966696182689,0.35018347189177046,85
AMZN,long,2024-04-12,2024-04-19,187.81386122131346,177.35250396214988,367.2533286541922,-3887.945780693766,-1.0119671745642516,7
PEP,long,2024-04-23,2024-04-24,160.95216528798804,154.48553816650627,461.91522153892623,-3037.28365788954,-1.0168227636115479,1
TSLA,short,2024-04-17,2024-04-29,157.56117938995362,188.4199981689453,160.598031887029,-4976.5518923201935,-1.316251750553069,12
AAPL,short,2024-04-19,2024-04-29,164.47711500119422,174.2565608298345,379.35004346609657,-3755.7351805965495,-1.01237305774972,10
ADBE,short,2024-04-22,2024-05-06,469.9848912200928,493.30999755859375,93.01689425672129,-2201.5323016352268,-0.5916355337455895,14
CSCO,short,2024-05-01,2024-05-14,44.13108153314963,46.308807853455974,1629.2104879925055,-3600.432520373212,-1.0493945992182663,13
JNJ,short,2024-04-09,2024-05-15,141.97105562765486,142.77313302695512,540.843527125892,-487.8075372201269,-0.16195855927960878,36
PEP,long,2024-05-14,2024-05-28,166.80244135204978,159.91405133440702,428.9447307100067,-3003.050077783856,-0.9981739364300486,14
KO,long,2024-04-25,2024-05-29,58.035396345562276,57.387609571062725,1254.2304032089107,-862.9392140447652,-0.32896260230001945,34
JPM,long,2024-05-15,2024-06-11,192.89264644908098,186.42094131495605,370.57800793071004,-2446.8698744269627,-0.7342036911476418,27
ADBE,short,2024-05-31,2024-06-14,447.4961412200928,530.25,99.85783543641959,-8299.859581719616,-2.3543770578960928,14
CSCO,short,2024-05-28,2024-06-28,43.61133348323181,45.23097605980571,1625.1710461731268,-2683.3886518528698,-0.7644928799427783,31
NVDA,long,2024-05-29,2024-07-17,112.9111400266955,117.84576490444155,301.609639266616,1463.5988692866345,0.4142915983122931,49
NFLX,long,2024-06-17,2024-07-17,66.94445861434936,64.37100219726562,794.2883705035315,-2080.0613076477653,-0.5791006210371471,30
AMZN,long,2024-06-28,2024-07-18,197.82886072540282,185.72390708386965,292.3708852071716,-3577.5001093507576,-1.01083996140825,20
GOOGL,long,2024-04-10,2024-07-24,154.91444968506343,172.27166103830413,384.69569130742474,6631.521629131017,1.7258531358071525,105
ADBE,long,2024-06-28,2024-08-02,549.9748622131348,527.5900268554688,83.18989365729556,-1893.101402907729,-0.5349049589279916,35
AAPL,long,2024-05-15,2024-08-05,186.3893627052727,197.3802115476467,331.3586157308489,3596.4941057920973,1.0067719975773592,82
HD,long,2024-07-17,2024-08-05,348.9089693399291,329.1000424335176,178.44656371497896,-3576.297161007554,-1.0117296067319466,19
AMZN,short,2024-08-05,2024-08-14,154.13290171051025,172.11000061035156,193.42552146093064,-3500.185332715311,-1.038331828341218,9
MSFT,short,2024-08-06,2024-09-12,393.6140765914031,420.94378045645306,115.7708288930015,-3197.7791788766735,-0.9599743513194611,37
DIS,short,2024-07-24,2024-09-16,88.1198695135899,89.70795628945109,654.486717770015,-1080.3766294060235,-0.3165244876113179,54
GOOGL,short,2024-09-09,2024-09-23,151.46810331375386,163.68987189819015,276.45566077510347,-3410.1163263282147,-1.009275313362966,14
JNJ,long,2024-07-18,2024-09-24,147.0903580610163,154.37789311011525,475.2369071359498,3412.2956972240836,1.1289799033367034,68
KO,long,2024-08-02,2024-10-04,64.78142272818617,66.55330145336121,1069.435262791237,1845.276967850203,0.6632944183681981,63
NFLX,long,2024-08-21,2024-10-17,69.7348469467163,69.53700256347656,619.1256346398211,-152.63927697630584,-0.04619599783573137,57
META,long,2024-10-07,2024-10-24,595.0952720550079,559.1331504876267,82.54466366769451,-3001.0854981758957,-0.8980483506448644,17
XOM,long,2024-10-07,2024-10-28,118.29439225808164,110.24909251907464,458.0448104309136,-3720.8256218708802,-1.1134242309288749,21
HD,long,2024-09-16,2024-10-29,365.73414053335983,376.97721558638017,159.30956308755796,1749.2692345384164,0.5239312667928673,43
GOOGL,long,2024-10-30,2024-10-31,179.6251788396269,169.93700639221484,339.10230840360805,-3325.9483910993335,-1.0123784668749696,1
ADBE,short,2024-10-24,2024-11-12,486.38668988037114,517.77001953125,90.83476096075213,-2883.3342384351026,-0.870173435286701,19
